agg_type,ATT,SE,CI_lower,CI_upper,n_total_cells,n_valid_cells,weight_sum,dataset,outcome,event_time
simple,-0.006924773132009686,0.07325020374872965,-0.1504951724795198,0.13664562621550044,2555,2555,1216644.0,All_POIs,lcus,
dynamic,-0.1426524548554018,0.12767465823198157,-0.3928947849900857,0.1075898752792821,1,1,233.0,All_POIs,lcus,-69.0
dynamic,0.09266764696535452,0.096079635507959,-0.09564843863024512,0.28098373256095416,2,2,350.0,All_POIs,lcus,-68.0
dynamic,0.030871962905824345,0.14651131286729857,-0.25629021031408084,0.3180341361257295,3,3,600.0,All_POIs,lcus,-67.0
dynamic,0.011505928696166486,0.1585395064482214,-0.29923150394234743,0.32224336133468046,4,4,915.0,All_POIs,lcus,-66.0
dynamic,0.0035736842290911425,0.15126354648411766,-0.29290286687977946,0.30005023533796177,5,5,1128.0,All_POIs,lcus,-65.0
dynamic,-0.015705715088807488,0.14950837841775902,-0.30874213678761514,0.2773307066100002,6,6,1491.0,All_POIs,lcus,-64.0
dynamic,-0.05060258107783679,0.15357136199863466,-0.3516024505951607,0.25039728843948716,7,7,1749.0,All_POIs,lcus,-63.0
dynamic,0.040628462547330386,0.13499220155765154,-0.22395625250566664,0.3052131776003274,8,8,2005.0,All_POIs,lcus,-62.0
dynamic,-0.06121332793927811,0.1775069366832422,-0.40912692383843274,0.2867002679598766,9,9,2274.0,All_POIs,lcus,-61.0
dynamic,-0.053935235933635306,0.18132608780317364,-0.4093343680278556,0.301463896160585,10,10,2528.0,All_POIs,lcus,-60.0
dynamic,-0.0026067081111197173,0.17547593991387592,-0.34653955034231654,0.34132613412007706,11,11,2896.0,All_POIs,lcus,-59.0
dynamic,0.012935926781199848,0.1847169532250873,-0.3491093015399712,0.37498115510237096,12,12,3099.0,All_POIs,lcus,-58.0
dynamic,-0.024252926007466008,0.18624158309024472,-0.3892864288643456,0.34078057684941365,13,13,3561.0,All_POIs,lcus,-57.0
dynamic,0.02152696099643306,0.1746771749045478,-0.3208403018164806,0.3638942238093468,14,14,3892.0,All_POIs,lcus,-56.0
dynamic,0.05364550114174879,0.18971220189062943,-0.31819041456388486,0.4254814168473825,15,15,4183.0,All_POIs,lcus,-55.0
dynamic,0.004882409335290715,0.19680154310183068,-0.3808486151442974,0.39061343381487884,16,16,4377.0,All_POIs,lcus,-54.0
dynamic,-0.05209954642300637,0.19130340686035568,-0.4270542238693035,0.3228551310232908,17,17,4680.0,All_POIs,lcus,-53.0
dynamic,-0.04475856548655161,0.14842532239197473,-0.33567219737482207,0.24615506640171886,18,18,5028.0,All_POIs,lcus,-52.0
dynamic,0.023773693496283745,0.1484178021917839,-0.2671251987996127,0.31467258579218016,19,19,5349.0,All_POIs,lcus,-51.0
dynamic,0.06846796195335288,0.15468435037771572,-0.2347133647869699,0.37164928869367564,20,20,5676.0,All_POIs,lcus,-50.0
dynamic,0.09006785066632546,0.15134275705522074,-0.20656395316190718,0.38669965449455806,21,21,6242.0,All_POIs,lcus,-49.0
dynamic,-0.08680780790123621,0.1295864156504585,-0.3407971825761349,0.16718156677366247,22,22,6612.0,All_POIs,lcus,-48.0
dynamic,0.03322734855354585,0.14174381086007148,-0.24459052073219423,0.31104521783928596,23,23,7027.0,All_POIs,lcus,-47.0
dynamic,0.0360127078626765,0.15688589905738154,-0.27148365428979127,0.3435090700151443,24,24,7300.0,All_POIs,lcus,-46.0
dynamic,0.01612314200981006,0.14471079760373046,-0.2675100212935016,0.29975630531312175,25,25,7664.0,All_POIs,lcus,-45.0
dynamic,-0.010499089374311842,0.12305661378929081,-0.2516900524013218,0.23069187365269814,26,26,7885.0,All_POIs,lcus,-44.0
dynamic,-0.007553245210438759,0.1192257732947536,-0.24123576086815582,0.2261292704472783,27,27,8330.0,All_POIs,lcus,-43.0
dynamic,0.004719437120737673,0.11752685029164621,-0.2256331894508889,0.23507206369236422,28,28,8650.0,All_POIs,lcus,-42.0
dynamic,-0.009367103369365104,0.12420769106490191,-0.25281417785657284,0.23407997111784262,29,29,8858.0,All_POIs,lcus,-41.0
dynamic,-0.007780797720090206,0.11859503118557553,-0.24022705884381826,0.22466546340363783,30,30,9149.0,All_POIs,lcus,-40.0
dynamic,0.012338809475649946,0.10374389189634335,-0.19099921864118302,0.2156768375924829,31,31,10057.0,All_POIs,lcus,-39.0
dynamic,0.007914387232539883,0.11044525623562708,-0.2085583149892892,0.22438708945436894,32,32,10406.0,All_POIs,lcus,-38.0
dynamic,0.0030578107872534996,0.11575862232940655,-0.22382908897838333,0.22994471055289034,33,33,10610.0,All_POIs,lcus,-37.0
dynamic,-0.006428840979238758,0.11270405677381956,-0.2273287922559251,0.21447111029744756,34,34,11068.0,All_POIs,lcus,-36.0
dynamic,-0.021043560272297642,0.10406739635380666,-0.2250156571257587,0.1829285365811634,35,35,11344.0,All_POIs,lcus,-35.0
dynamic,0.004651903550077553,0.09891351135677595,-0.1892185787092033,0.1985223858093584,36,36,11610.0,All_POIs,lcus,-34.0
dynamic,-0.04434758655873819,0.09953082549192094,-0.23942800452290322,0.15073283140542684,37,37,11937.0,All_POIs,lcus,-33.0
dynamic,0.006593690290881102,0.10194813392779255,-0.19322465220759227,0.2064120327893545,38,38,12186.0,All_POIs,lcus,-32.0
dynamic,0.011491965865820884,0.09882499797948047,-0.18220503017396084,0.2051889619056026,39,39,12723.0,All_POIs,lcus,-31.0
dynamic,0.017630900849801966,0.09745997419343698,-0.17339064856933453,0.20865245026893844,40,40,13333.0,All_POIs,lcus,-30.0
dynamic,-0.016863394549839827,0.09451388061426573,-0.20211060055380065,0.168383811454121,41,41,13781.0,All_POIs,lcus,-29.0
dynamic,0.01643851838307905,0.0898253715015354,-0.15961920975993033,0.19249624652608843,42,42,14181.0,All_POIs,lcus,-28.0
dynamic,-0.015462368009240841,0.09147393510094343,-0.19475128080708995,0.16382654478860828,43,43,14814.0,All_POIs,lcus,-27.0
dynamic,0.004428429212693461,0.09179915813482384,-0.17549792073156126,0.18435477915694817,44,44,15880.0,All_POIs,lcus,-26.0
dynamic,-0.02430880292614161,0.0765550375653625,-0.1743566765542521,0.1257390707019689,45,45,16294.0,All_POIs,lcus,-25.0
dynamic,0.010652972774117912,0.08143641087036442,-0.14896239253179633,0.17026833808003217,46,46,16671.0,All_POIs,lcus,-24.0
dynamic,-0.014475186607406315,0.08010838927650478,-0.17148762958935568,0.14253725637454304,47,47,17042.0,All_POIs,lcus,-23.0
dynamic,0.0038616447106912056,0.07678003348417235,-0.14662722091828662,0.154350510339669,48,48,17249.0,All_POIs,lcus,-22.0
dynamic,0.0011804590656000749,0.07643728535161907,-0.1486366202235733,0.15099753835477345,49,49,17602.0,All_POIs,lcus,-21.0
dynamic,-0.024080119340586858,0.07798552864272476,-0.17693175548032739,0.1287715167991537,50,50,18066.0,All_POIs,lcus,-20.0
dynamic,0.02435003745234638,0.07399603017764181,-0.12068218169583156,0.1693822566005243,51,51,18824.0,All_POIs,lcus,-19.0
dynamic,0.0063706895161288945,0.0757824494206203,-0.1421629113482869,0.1549042903805447,52,52,19153.0,All_POIs,lcus,-18.0
dynamic,-0.011487035625747044,0.06886846718586645,-0.14646923131004527,0.12349516005855118,53,53,19534.0,All_POIs,lcus,-17.0
dynamic,0.0048406819746922135,0.07198230340637866,-0.13624463270180998,0.14592599665119438,54,54,19913.0,All_POIs,lcus,-16.0
dynamic,-0.0033491316946226033,0.0659538184839946,-0.13261861592325203,0.1259203525340068,55,55,20585.0,All_POIs,lcus,-15.0
dynamic,-0.002131045601613611,0.07190039664344164,-0.14305582302275924,0.138793731819532,56,56,21321.0,All_POIs,lcus,-14.0
dynamic,-2.634251666675304e-06,0.06782369049900976,-0.13293706762972582,0.13293179912639244,57,57,21904.0,All_POIs,lcus,-13.0
dynamic,-0.010825259857876317,0.06777856270039634,-0.14367124275065316,0.12202072303490051,58,58,22297.0,All_POIs,lcus,-12.0
dynamic,0.016177468030827237,0.06701256558102636,-0.11516716050798445,0.1475220965696389,59,59,22928.0,All_POIs,lcus,-11.0
dynamic,-0.019908415792848588,0.062317778177845645,-0.14205126102142604,0.10223442943572887,60,60,23581.0,All_POIs,lcus,-10.0
dynamic,-0.0028950381276012026,0.06173443200715475,-0.1238945248616245,0.11810444860642211,61,61,24395.0,All_POIs,lcus,-9.0
dynamic,-0.018407586474144425,0.060711670316469214,-0.1374024602944241,0.10058728734613524,62,62,24895.0,All_POIs,lcus,-8.0
dynamic,0.015004417299019026,0.05472551870396701,-0.09225759936075631,0.12226643395879436,63,63,25870.0,All_POIs,lcus,-7.0
dynamic,-0.013525447244370218,0.05871258024300553,-0.12860210452066106,0.10155121003192062,64,64,26477.0,All_POIs,lcus,-6.0
dynamic,0.010988487328075478,0.05168760374775192,-0.09031921601751829,0.11229619067366924,65,65,27018.0,All_POIs,lcus,-5.0
dynamic,-0.011965804962622888,0.05096126473500111,-0.11184988384322506,0.0879182739179793,66,66,27199.0,All_POIs,lcus,-4.0
dynamic,0.004962088087102233,0.050576490398392286,-0.09416783309374664,0.1040920092679511,67,67,27538.0,All_POIs,lcus,-3.0
dynamic,-0.004850941698554427,0.04725388076748526,-0.09746854800282553,0.0877666646057167,68,68,27978.0,All_POIs,lcus,-2.0
dynamic,0.0017798743819580894,0.048904727680822525,-0.09407339187245406,0.09763314063637024,69,69,28395.0,All_POIs,lcus,-1.0
dynamic,0.006881551677994062,0.04447928368659167,-0.0802978443477256,0.09406094770371373,70,70,29254.0,All_POIs,lcus,0.0
dynamic,0.010729673781087946,0.0481440709703247,-0.08363270532074846,0.10509205288292436,70,70,29254.0,All_POIs,lcus,1.0
dynamic,0.023579855194462554,0.05093411422850514,-0.07625100869340752,0.12341071908233263,69,69,29021.0,All_POIs,lcus,2.0
dynamic,0.01711361146012684,0.05274480687650814,-0.08626621001782912,0.1204934329380828,68,68,28904.0,All_POIs,lcus,3.0
dynamic,0.01649108118076947,0.054284018143765586,-0.08990559438101108,0.12288775674255002,67,67,28654.0,All_POIs,lcus,4.0
dynamic,0.020564953991476214,0.05569785299665849,-0.08860283788197443,0.12973274586492686,66,66,28339.0,All_POIs,lcus,5.0
dynamic,0.028570267835082472,0.05682213283967797,-0.08280111253068635,0.1399416482008513,65,65,28126.0,All_POIs,lcus,6.0
dynamic,0.016555552285457357,0.05778930350843324,-0.09671148259107179,0.1298225871619865,64,64,27763.0,All_POIs,lcus,7.0
dynamic,0.03090199144856208,0.05868330619937958,-0.08411728870222189,0.14592127159934604,63,63,27505.0,All_POIs,lcus,8.0
dynamic,0.028887972630695747,0.060442870761664096,-0.08958005406216588,0.14735599932355736,62,62,27249.0,All_POIs,lcus,9.0
dynamic,0.031160626424388594,0.061952525918237446,-0.0902663243753568,0.152587577224134,61,61,26980.0,All_POIs,lcus,10.0
dynamic,0.027259745350674998,0.06249167048865363,-0.0952239288070861,0.14974341950843612,60,60,26726.0,All_POIs,lcus,11.0
dynamic,0.03407939526412449,0.06378002206444058,-0.09092944798217906,0.15908823851042803,59,59,26358.0,All_POIs,lcus,12.0
dynamic,0.024552636562527857,0.06396361839890233,-0.1008160554993207,0.1499213286243764,58,58,26155.0,All_POIs,lcus,13.0
dynamic,0.03220699459211808,0.06505618292991232,-0.09530312395051006,0.15971711313474624,57,57,25693.0,All_POIs,lcus,14.0
dynamic,0.017638327071136984,0.06587797936275597,-0.11148251247986472,0.1467591666221387,56,56,25362.0,All_POIs,lcus,15.0
dynamic,0.007437563124340004,0.06666531732193032,-0.12322645882664342,0.1381015850753234,55,55,25071.0,All_POIs,lcus,16.0
dynamic,0.0165345400246425,0.06773297135633233,-0.11622208383376886,0.14929116388305386,54,54,24877.0,All_POIs,lcus,17.0
dynamic,0.018187475507042458,0.0672258324218979,-0.11357515603987743,0.14995010705396233,53,53,24574.0,All_POIs,lcus,18.0
dynamic,0.00928957396036203,0.06788176579195805,-0.12375868699187575,0.14233783491259983,52,52,24226.0,All_POIs,lcus,19.0
dynamic,0.006242793848061593,0.06819206123175814,-0.12741364616618436,0.13989923386230754,51,51,23905.0,All_POIs,lcus,20.0
dynamic,0.007082912689526712,0.06854625465479276,-0.1272677464338671,0.14143357181292052,50,50,23578.0,All_POIs,lcus,21.0
dynamic,0.004461179081594725,0.0693343432810147,-0.1314341337491941,0.14035649191238353,49,49,23012.0,All_POIs,lcus,22.0
dynamic,0.0030528985723644888,0.0686653581226186,-0.13153120334796797,0.13763700049269695,48,48,22642.0,All_POIs,lcus,23.0
dynamic,0.010192495257228663,0.06996336626540624,-0.12693570262296758,0.14732069313742488,47,47,22227.0,All_POIs,lcus,24.0
dynamic,0.004871982411492371,0.07140430729509707,-0.1350804598868979,0.14482442470988263,46,46,21954.0,All_POIs,lcus,25.0
dynamic,0.0020138324888008467,0.0725876667084565,-0.14025799425977387,0.14428565923737557,45,45,21590.0,All_POIs,lcus,26.0
dynamic,-0.007759177434422281,0.07266542752952068,-0.1501834153922828,0.13466506052343824,44,44,21369.0,All_POIs,lcus,27.0
dynamic,-0.0096407110090208,0.07319168712587279,-0.15309641777573146,0.13381499575768985,43,43,20924.0,All_POIs,lcus,28.0
dynamic,-0.00795994555308506,0.07354664503389109,-0.15211136981951162,0.13619147871334147,42,42,20604.0,All_POIs,lcus,29.0
dynamic,-0.01480612673324072,0.07461109753324512,-0.16104387789840113,0.1314316244319197,41,41,20396.0,All_POIs,lcus,30.0
dynamic,-0.012128397210041561,0.07446768255810064,-0.1580850550239188,0.1338282606038357,40,40,20105.0,All_POIs,lcus,31.0
dynamic,-0.013764679613627907,0.07615454413492341,-0.16302758611807777,0.13549822689082197,39,39,19197.0,All_POIs,lcus,32.0
dynamic,-0.01893177734027163,0.07640988476193188,-0.1686951514736581,0.13083159679311485,38,38,18848.0,All_POIs,lcus,33.0
dynamic,-0.019617448982938955,0.0766363135642275,-0.16982462356882486,0.13058972560294693,37,37,18644.0,All_POIs,lcus,34.0
dynamic,-0.02254647343471821,0.07767994891838868,-0.17479917331476003,0.1297062264453236,36,36,18186.0,All_POIs,lcus,35.0
dynamic,-0.029742158934728823,0.07838517845714382,-0.1833771087107307,0.12389279084127307,35,35,17910.0,All_POIs,lcus,36.0
dynamic,-0.038646304914947444,0.07884008616807901,-0.1931728738043823,0.11588026397448742,34,34,17644.0,All_POIs,lcus,37.0
dynamic,-0.04206754142481462,0.07958858339889817,-0.198061164886655,0.11392608203702578,33,33,17317.0,All_POIs,lcus,38.0
dynamic,-0.06631866726113,0.07975891792365851,-0.22264614639150068,0.09000881186924067,32,32,17068.0,All_POIs,lcus,39.0
dynamic,-0.049767939266006075,0.08061123688207665,-0.2077659635548763,0.10823008502286414,31,31,16531.0,All_POIs,lcus,40.0
dynamic,-0.06612761305150355,0.081906703167347,-0.22666475125950367,0.09440952515649656,30,30,15921.0,All_POIs,lcus,41.0
dynamic,-0.06447862999775926,0.08268265292866302,-0.22653662973793876,0.09757936974242025,29,29,15473.0,All_POIs,lcus,42.0
dynamic,-0.054035874495265084,0.08316287335996551,-0.2170351062807975,0.10896335729026732,28,28,15073.0,All_POIs,lcus,43.0
dynamic,-0.043312391719943874,0.08458040436404786,-0.2090899842734777,0.12246520083358993,27,27,14440.0,All_POIs,lcus,44.0
dynamic,-0.046407246641026335,0.08729279711093589,-0.21750112897846066,0.124686635696408,26,26,13374.0,All_POIs,lcus,45.0
dynamic,-0.04203451877749404,0.08761807438139527,-0.21376594456502876,0.1296969070100407,25,25,12960.0,All_POIs,lcus,46.0
dynamic,-0.04349781701261869,0.08868033794197533,-0.21731127937889033,0.13031564535365298,24,24,12583.0,All_POIs,lcus,47.0
dynamic,-0.043553445132653565,0.08999532047803781,-0.21994427326960764,0.13283738300430054,23,23,12212.0,All_POIs,lcus,48.0
dynamic,-0.06651016630359226,0.08987987131232397,-0.24267471407574726,0.10965438146856273,22,22,12005.0,All_POIs,lcus,49.0
dynamic,-0.04630942815458053,0.09135487656005606,-0.2253649862122904,0.13274612990312934,21,21,11652.0,All_POIs,lcus,50.0
dynamic,-0.051048838191751406,0.09271381427298148,-0.2327679141667951,0.1306702377832923,20,20,11188.0,All_POIs,lcus,51.0
dynamic,-0.055653905632210274,0.09542489989509688,-0.24268670942660014,0.13137889816217962,19,19,10430.0,All_POIs,lcus,52.0
dynamic,-0.07754150933386529,0.09563710273079203,-0.26499023068621763,0.10990721201848706,18,18,10101.0,All_POIs,lcus,53.0
dynamic,-0.06820026497179867,0.09775143155633981,-0.2597930708222247,0.12339254087862735,17,17,9720.0,All_POIs,lcus,54.0
dynamic,-0.07981639832120868,0.09735840998235254,-0.27063888188661966,0.1110060852442023,16,16,9341.0,All_POIs,lcus,55.0
dynamic,-0.055860269901393346,0.10060707547491868,-0.25305013783223396,0.14132959802944728,15,15,8669.0,All_POIs,lcus,56.0
dynamic,-0.04403799967214147,0.10408406457955133,-0.24804276624806207,0.15996676690377912,14,14,7933.0,All_POIs,lcus,57.0
dynamic,-0.02385142190951371,0.10819132990450034,-0.23590642852233437,0.18820358470330698,13,13,7350.0,All_POIs,lcus,58.0
dynamic,-0.010022711551300518,0.11157898688284072,-0.22871752584166832,0.20867210273906728,12,12,6957.0,All_POIs,lcus,59.0
dynamic,-0.0031929193237308063,0.10615634438203192,-0.21125935431251336,0.20487351566505174,11,11,6326.0,All_POIs,lcus,60.0
dynamic,-0.016856072048828646,0.10944696780252358,-0.23137212894177486,0.1976599848441176,10,10,5673.0,All_POIs,lcus,61.0
dynamic,-0.04939969732280959,0.11129812138734291,-0.26754401524200166,0.1687446205963825,9,9,4859.0,All_POIs,lcus,62.0
dynamic,-0.0762586189532154,0.10962921044023312,-0.29113187141607233,0.1386146335096415,8,8,4359.0,All_POIs,lcus,63.0
dynamic,-0.1031274597857762,0.11674666100366216,-0.331950915352954,0.12569599578140161,7,7,3384.0,All_POIs,lcus,64.0
dynamic,-0.14227987077170964,0.12183662521192361,-0.38107965618707995,0.09651991464366064,6,6,2777.0,All_POIs,lcus,65.0
dynamic,-0.1031192173308811,0.1330739177095871,-0.36394409604167177,0.1577056613799096,5,5,2236.0,All_POIs,lcus,66.0
dynamic,-0.1102596256200022,0.13086099758453246,-0.3667471808856858,0.14622792964568143,4,4,2055.0,All_POIs,lcus,67.0
dynamic,-0.12805771754159673,0.12264202940501012,-0.36843609517541653,0.1123206600922231,3,3,1716.0,All_POIs,lcus,68.0
dynamic,-0.2802246647778609,0.10759230164521909,-0.4911055760024903,-0.0693437535532315,2,2,1276.0,All_POIs,lcus,69.0
dynamic,-0.3030837686817528,0.0875814256251431,-0.47474336290703323,-0.13142417445647234,1,1,859.0,All_POIs,lcus,70.0
group,-0.09608808628190775,0.06834363825133837,-0.23004161725453093,0.03786544469071544,71,71,60989.0,All_POIs,lcus,2.0
group,-0.013052246986850502,0.09977782783677054,-0.20861678954692076,0.18251229557321974,70,70,29190.0,All_POIs,lcus,3.0
group,0.23743706386370927,0.11388897248043625,0.014214677802054237,0.46065944992536434,69,69,30360.0,All_POIs,lcus,4.0
group,0.1571893050007869,0.11292380037572512,-0.06414134373563435,0.37851995373720815,68,68,23052.0,All_POIs,lcus,5.0
group,0.061290203383507574,0.13693579796288505,-0.2071039606237471,0.32968436739076223,67,67,12127.0,All_POIs,lcus,6.0
group,-0.04652601733746922,0.09103893849503294,-0.22496233678773378,0.13191030211279534,66,66,35706.0,All_POIs,lcus,7.0
group,0.05814247578557237,0.08861277295047741,-0.11553855919736335,0.2318235107685081,65,65,39455.0,All_POIs,lcus,8.0
group,-0.19486059110614645,0.06745734586915045,-0.3270769890096813,-0.06264419320261158,64,64,62400.0,All_POIs,lcus,9.0
group,0.039887745300718744,0.1042156458612612,-0.1643749205873532,0.24415041118879066,63,63,31500.0,All_POIs,lcus,10.0
group,0.13743241089940458,0.07585694617406659,-0.011247203601765926,0.2861120254005751,62,62,50468.0,All_POIs,lcus,11.0
group,-0.07988198063416317,0.08024384549286424,-0.2371599178001771,0.07739595653185073,61,61,39833.0,All_POIs,lcus,12.0
group,0.08567969491582961,0.15988434584500405,-0.22769362294037832,0.39905301277203753,60,60,37860.0,All_POIs,lcus,13.0
group,0.05013529239145838,0.05590658350071072,-0.059441611269934636,0.1597121960528514,59,59,23187.0,All_POIs,lcus,14.0
group,-0.055388299137670925,0.04620892869811649,-0.14595779938597925,0.03518120111063739,58,58,33814.0,All_POIs,lcus,15.0
group,-0.12746354799556409,0.04141743495025758,-0.20864172049806895,-0.046285375493059236,57,57,41952.0,All_POIs,lcus,16.0
group,-0.004526643887107906,0.04543588235046695,-0.09358097329402314,0.08452768551980731,56,56,37632.0,All_POIs,lcus,17.0
group,-0.02844379007982049,0.06097190153079036,-0.1479487170801696,0.09106113692052861,55,55,20845.0,All_POIs,lcus,18.0
group,-0.09696828965978972,0.05651414468032071,-0.20773601323321833,0.013799433913638873,54,54,20574.0,All_POIs,lcus,19.0
group,-0.06898276630431786,0.07210366915818955,-0.2103059578543694,0.07234042524573366,53,53,17437.0,All_POIs,lcus,20.0
group,0.007080328647288316,0.04327474350464373,-0.07773816862181339,0.09189882591639002,52,52,39416.0,All_POIs,lcus,21.0
group,-0.02834665654631123,0.049728726944589796,-0.12581496135770723,0.06912164826508477,51,51,23664.0,All_POIs,lcus,22.0
group,-0.057817891319586714,0.06087188158319203,-0.17712677922264308,0.06149099658346967,50,50,17650.0,All_POIs,lcus,23.0
group,-0.12062008872207737,0.0899103966950399,-0.29684446624435556,0.05560428880020084,49,49,10143.0,All_POIs,lcus,24.0
group,0.0699388651404861,0.05626953441185639,-0.040349422306752425,0.18022715258772462,48,48,17808.0,All_POIs,lcus,25.0
group,-0.008090380931062447,0.06030347539270349,-0.1262851927007613,0.1101044308386364,47,47,17719.0,All_POIs,lcus,26.0
group,-0.06298332182200904,0.05813627024047961,-0.1769304114933491,0.050963767849331,46,46,19044.0,All_POIs,lcus,27.0
group,-0.0008334975860437914,0.036380797863896544,-0.07213986139928101,0.07047286622719344,45,45,47970.0,All_POIs,lcus,28.0
group,-0.055793011298616885,0.04779689184992383,-0.1494749193244676,0.03788889672723382,44,44,27852.0,All_POIs,lcus,29.0
group,-0.01038289354534097,0.059308214415059776,-0.1266269937988581,0.10586120670817618,43,43,17200.0,All_POIs,lcus,30.0
group,-0.0017990874548026383,0.05497373632886444,-0.10954761065937695,0.10594943574977166,42,42,18816.0,All_POIs,lcus,31.0
group,0.009656721851762752,0.05421577313137651,-0.09660619348573521,0.11591963718926071,41,41,25010.0,All_POIs,lcus,32.0
group,-0.04821712007768562,0.05220850851471689,-0.1505457967665307,0.05411155661115948,40,40,21480.0,All_POIs,lcus,33.0
group,0.03604315153600136,0.06891529172381285,-0.09903082024267182,0.17111712331467452,39,39,9711.0,All_POIs,lcus,34.0
group,0.008038214854589477,0.05903339322425209,-0.10766723586494462,0.12374366557412358,38,38,12426.0,All_POIs,lcus,35.0
group,0.095482494499489,0.07053591255769551,-0.04276789411359419,0.2337328831125722,37,37,9842.0,All_POIs,lcus,36.0
group,0.06838661682942353,0.06346128342658534,-0.055997498686683744,0.1927707323455308,36,36,9936.0,All_POIs,lcus,37.0
group,0.052902459516229045,0.04772276365113275,-0.040634157239991156,0.14643907627244923,35,35,16030.0,All_POIs,lcus,38.0
group,-0.08150828120105263,0.06895982478140097,-0.21666953777259854,0.05365297537049327,34,34,6936.0,All_POIs,lcus,39.0
group,-0.04202734075912004,0.058367483121595794,-0.1564276076774478,0.0723729261592077,33,33,11517.0,All_POIs,lcus,40.0
group,0.015505373073488664,0.03720059178169618,-0.05740778681863584,0.08841853296561317,32,32,29056.0,All_POIs,lcus,41.0
group,0.07372281832604587,0.06652962751878323,-0.056675251610769264,0.204120888262861,31,31,9021.0,All_POIs,lcus,42.0
group,0.02989911359273981,0.0691456778541064,-0.10562641500130873,0.16542464218678835,30,30,6240.0,All_POIs,lcus,43.0
group,-0.05070820145478626,0.05925652611741038,-0.1668509926449106,0.06543458973533808,29,29,9280.0,All_POIs,lcus,44.0
group,-0.014154833679129971,0.05283680379788655,-0.11771496912298761,0.08940530176472768,28,28,12460.0,All_POIs,lcus,45.0
group,0.09653563558845792,0.07179612070882835,-0.04418476100084563,0.23725603217776148,27,27,5967.0,All_POIs,lcus,46.0
group,-0.054132444922416874,0.05043420473758143,-0.15298348620807647,0.04471859636324272,26,26,9464.0,All_POIs,lcus,47.0
group,-0.07204911776404682,0.06047425291074111,-0.19057865346909938,0.04648041794100574,25,25,6825.0,All_POIs,lcus,48.0
group,0.04304286016923404,0.05005378143881833,-0.05506255145084988,0.14114827178931796,24,24,9960.0,All_POIs,lcus,49.0
group,0.059147608899085484,0.056493965567086156,-0.05158056361240338,0.16987578141057436,23,23,8510.0,All_POIs,lcus,50.0
group,-0.026633082311557536,0.05035730868223526,-0.12533340732873866,0.07206724270562358,22,22,12452.0,All_POIs,lcus,51.0
group,0.06735822464452926,0.05976060413817588,-0.04977255946629547,0.18448900875535398,21,21,6867.0,All_POIs,lcus,52.0
group,-0.004103407476247308,0.06115609138160266,-0.12396934658418853,0.11576253163169391,20,20,6420.0,All_POIs,lcus,53.0
group,0.06098061716465683,0.0613637065568787,-0.05929224768682542,0.18125348201613908,19,19,6612.0,All_POIs,lcus,54.0
group,-8.198782821466392e-05,0.06306028305827366,-0.12368014262243104,0.1235161669660017,18,18,5454.0,All_POIs,lcus,55.0
group,0.017330072658856943,0.07442133522002294,-0.12853574437238802,0.1631958896901019,17,17,3298.0,All_POIs,lcus,56.0
group,0.04586308082912334,0.06379836847148561,-0.07918172137498845,0.17090788303323512,16,16,4656.0,All_POIs,lcus,57.0
group,-0.039067732833597775,0.06409058548540619,-0.16468528038499392,0.08654981471779838,15,15,4965.0,All_POIs,lcus,58.0
group,0.04551542352302334,0.049214642399188505,-0.05094527557938613,0.1419761226254328,14,14,6468.0,All_POIs,lcus,59.0
group,0.11606954076130178,0.07934973776741747,-0.03945594526283645,0.27159502678544,13,13,2639.0,All_POIs,lcus,60.0
group,-0.01466724179830466,0.053984716373591105,-0.12047728589054323,0.09114280229393391,12,12,4416.0,All_POIs,lcus,61.0
group,0.019035262054510872,0.07177341907740391,-0.12164063933720079,0.15971116344622252,11,11,2794.0,All_POIs,lcus,62.0
group,0.025151930971257366,0.06114382791995083,-0.09468997175184625,0.14499383369436097,10,10,2690.0,All_POIs,lcus,63.0
group,-0.01828406719762639,0.06372354787269542,-0.1431822210281094,0.10661408663285664,9,9,2304.0,All_POIs,lcus,64.0
group,0.1985004776923232,0.0782500581847644,0.045130363650184996,0.35187059173446145,8,8,2064.0,All_POIs,lcus,65.0
group,0.08485457255057549,0.07156325488611136,-0.055409407026202756,0.22511855212735374,7,7,2541.0,All_POIs,lcus,66.0
group,-0.016870786286299563,0.08916713501205113,-0.19163837090991978,0.15789679833732065,6,6,1278.0,All_POIs,lcus,67.0
group,0.006665673652889841,0.06763382132817183,-0.12589661615032696,0.13922796345610663,5,5,1575.0,All_POIs,lcus,68.0
group,-0.00593007668008717,0.0988158167071876,-0.19960907742617484,0.18774892406600052,4,4,1000.0,All_POIs,lcus,69.0
group,-0.023661779012395606,0.1423500707539232,-0.30266791769008505,0.2553443596652939,3,3,351.0,All_POIs,lcus,70.0
group,0.08561188500937368,0.06016778350290189,-0.03231697065631402,0.2035407406750614,2,2,466.0,All_POIs,lcus,71.0
calendar,-0.028492302611602842,0.03383752007955961,-0.09481384196753967,0.03782923674433399,1,1,859.0,All_POIs,lcus,2.0
calendar,-0.05667028319529065,0.03895694711340117,-0.13302589953755695,0.01968533314697564,2,2,1276.0,All_POIs,lcus,3.0
calendar,-0.03181890220249356,0.04155349631947103,-0.11326375498865678,0.049625950583669656,3,3,1716.0,All_POIs,lcus,4.0
calendar,-0.031066852484981453,0.04410285948700865,-0.1175084570795184,0.0553747521095555,4,4,2055.0,All_POIs,lcus,5.0
calendar,-0.018968075024877264,0.049620237577757076,-0.11622374067728114,0.0782875906275266,5,5,2236.0,All_POIs,lcus,6.0
calendar,-0.003840402812501307,0.04732615716941688,-0.09659967086455838,0.08891886523955576,6,6,2777.0,All_POIs,lcus,7.0
calendar,-0.006107056542746345,0.04587588529281984,-0.09602379171667323,0.08380967863118054,7,7,3384.0,All_POIs,lcus,8.0
calendar,-0.02254977572085773,0.04476872323217277,-0.11029647325591636,0.0651969218142009,8,8,4359.0,All_POIs,lcus,9.0
calendar,-0.03340200353556279,0.0455154100996027,-0.12261220733078408,0.055808200259658505,9,9,4859.0,All_POIs,lcus,10.0
calendar,-0.00869095136433923,0.04435302390148238,-0.0956228782112447,0.07824097548256624,10,10,5673.0,All_POIs,lcus,11.0
calendar,0.04048353106168113,0.04672718039668143,-0.05110174251581447,0.13206880463917672,11,11,6326.0,All_POIs,lcus,12.0
calendar,0.0397522066101351,0.08850853503119327,-0.1337245220510037,0.2132289352712739,12,12,6957.0,All_POIs,lcus,13.0
calendar,0.06825771042123022,0.0875671307328315,-0.10337386581511951,0.23988928665757994,13,13,7350.0,All_POIs,lcus,14.0
calendar,0.07664257622130058,0.08452132173848759,-0.08901921438613508,0.24230436682873624,14,14,7933.0,All_POIs,lcus,15.0
calendar,0.0829169780398848,0.08050261584065214,-0.07486814900779339,0.240702105087563,15,15,8669.0,All_POIs,lcus,16.0
calendar,0.10333333797741068,0.07812073326160857,-0.04978329921534211,0.25644997517016344,16,16,9341.0,All_POIs,lcus,17.0
calendar,0.08014541268639547,0.07714421246983902,-0.07105724375448902,0.23134806912727995,17,17,9720.0,All_POIs,lcus,18.0
calendar,0.06773493284559268,0.07617690577274842,-0.08157180246899423,0.21704166816017958,18,18,10101.0,All_POIs,lcus,19.0
calendar,0.050062228384431674,0.07521158510253073,-0.09735247841652855,0.1974769351853919,19,19,10430.0,All_POIs,lcus,20.0
calendar,0.04582380960932314,0.07341531992415727,-0.0980702174420251,0.18971783666067138,20,20,11188.0,All_POIs,lcus,21.0
calendar,0.05937160352810534,0.07227132783679588,-0.08228019903201458,0.20102340608822525,21,21,11652.0,All_POIs,lcus,22.0
calendar,0.07521264803444935,0.07290562720456545,-0.06768238128649892,0.21810767735539763,22,22,12005.0,All_POIs,lcus,23.0
calendar,-0.01623157184192666,0.07383871864598925,-0.16095546038806557,0.12849231670421224,23,23,12212.0,All_POIs,lcus,24.0
calendar,0.0027227270536953293,0.07300407948654923,-0.14036526873994115,0.14581072284733182,24,24,12583.0,All_POIs,lcus,25.0
calendar,0.02587844309708032,0.07224113584012462,-0.11571418314956394,0.16747106934372458,25,25,12960.0,All_POIs,lcus,26.0
calendar,0.024393857671298085,0.07171474830165234,-0.11616704899994049,0.16495476434253667,26,26,13374.0,All_POIs,lcus,27.0
calendar,0.018254331211932467,0.07038499271446384,-0.11970025450841666,0.1562089169322816,27,27,14440.0,All_POIs,lcus,28.0
calendar,0.023923946029767454,0.06864978204891987,-0.1106296267861155,0.15847751884565042,28,28,15073.0,All_POIs,lcus,29.0
calendar,0.027803924357374398,0.06779978433868787,-0.10508365294645382,0.1606915016612026,29,29,15473.0,All_POIs,lcus,30.0
calendar,0.035503046872487905,0.06646590775435848,-0.09477013232605472,0.1657762260710305,30,30,15921.0,All_POIs,lcus,31.0
calendar,0.009018902219729735,0.06589154875705695,-0.1201285333441019,0.13816633778356135,31,31,16531.0,All_POIs,lcus,32.0
calendar,0.019726921580958307,0.06739733759899955,-0.1123718601130808,0.15182570327499742,32,32,17068.0,All_POIs,lcus,33.0
calendar,0.024703695030078396,0.06853061644982074,-0.10961631321157024,0.15902370327172705,33,33,17317.0,All_POIs,lcus,34.0
calendar,0.02189724000909179,0.07139740697285203,-0.11804167765769819,0.16183615767588178,34,34,17644.0,All_POIs,lcus,35.0
calendar,-0.004376009790212386,0.0710212384789067,-0.1435776372088695,0.13482561762844475,35,35,17910.0,All_POIs,lcus,36.0
calendar,0.000316574810417048,0.07080487846898119,-0.13846098698878606,0.13909413660962017,36,36,18186.0,All_POIs,lcus,37.0
calendar,0.0013000630270072174,0.07033406811355435,-0.13655471047555928,0.13915483652957372,37,37,18644.0,All_POIs,lcus,38.0
calendar,-0.004942730012724306,0.07034704314691644,-0.14282293458068052,0.13293747455523192,38,38,18848.0,All_POIs,lcus,39.0
calendar,-0.0002550874433786171,0.06999473014864192,-0.1374447585347168,0.13693458364795955,39,39,19197.0,All_POIs,lcus,40.0
calendar,-0.013549788879074213,0.06943187137556696,-0.14963625677518544,0.12253667901703702,40,40,20105.0,All_POIs,lcus,41.0
calendar,-0.0022510475887090064,0.06990073881004957,-0.13925649565640616,0.13475440047898815,41,41,20396.0,All_POIs,lcus,42.0
calendar,-0.014216909275076912,0.06987736994697649,-0.15117655437115082,0.12274273582099701,42,42,20604.0,All_POIs,lcus,43.0
calendar,-0.03088601029855114,0.06959239827679653,-0.16728711092107235,0.10551509032397005,43,43,20924.0,All_POIs,lcus,44.0
calendar,-0.035027749266978866,0.06977907521107403,-0.17179473668068396,0.10173923814672624,44,44,21369.0,All_POIs,lcus,45.0
calendar,-0.02484582382208733,0.0699554362800541,-0.16195847893099335,0.11226683128681869,45,45,21590.0,All_POIs,lcus,46.0
calendar,0.0010832383910844802,0.07029294804013611,-0.1366909397675823,0.13885741654975126,46,46,21954.0,All_POIs,lcus,47.0
calendar,-0.02581196011431888,0.07007646811807342,-0.16316183762574277,0.111537917397105,47,47,22227.0,All_POIs,lcus,48.0
calendar,-0.04117361542480091,0.07009898511282367,-0.1785676262459353,0.09622039539633348,48,48,22642.0,All_POIs,lcus,49.0
calendar,-0.015068369725300864,0.07004760966209365,-0.15236168466300443,0.1222249452124027,49,49,23012.0,All_POIs,lcus,50.0
calendar,-0.0211856402219639,0.0689578061855665,-0.15634294034567425,0.11397165990174646,50,50,23578.0,All_POIs,lcus,51.0
calendar,-0.013460586417549332,0.06934694827522188,-0.1493806050369842,0.12245943220188554,51,51,23905.0,All_POIs,lcus,52.0
calendar,-0.006378936783976986,0.0692337743685092,-0.142077134546255,0.12931926097830101,52,52,24226.0,All_POIs,lcus,53.0
calendar,0.007683492817892339,0.07141519821048384,-0.13229029567465597,0.14765728131044067,53,53,24574.0,All_POIs,lcus,54.0
calendar,-0.01320451338634973,0.07395287048372333,-0.15815213953444746,0.131743112761748,54,54,24877.0,All_POIs,lcus,55.0
calendar,-0.021911041667029615,0.07377358632611423,-0.1665072708662135,0.12268518753215427,55,55,25071.0,All_POIs,lcus,56.0
calendar,-0.014087281762748741,0.0723811384997619,-0.15595431322228204,0.12777974969678457,56,56,25362.0,All_POIs,lcus,57.0
calendar,-0.01014256739645652,0.07289007419049555,-0.1530071128098278,0.13272197801691474,57,57,25693.0,All_POIs,lcus,58.0
calendar,0.010094688413472467,0.07178974068855608,-0.13061320333609744,0.15080258016304238,58,58,26155.0,All_POIs,lcus,59.0
calendar,-0.03262993617546112,0.07141050326525053,-0.17259452257535216,0.10733465022442992,59,59,26358.0,All_POIs,lcus,60.0
calendar,-0.021923078046584128,0.0716536062770588,-0.16236414634961938,0.11851799025645111,60,60,26726.0,All_POIs,lcus,61.0
calendar,-0.010667254475231555,0.07106664368174971,-0.149957876091461,0.12862336714099787,61,61,26980.0,All_POIs,lcus,62.0
calendar,-0.014828793890181727,0.07139078791550289,-0.15475473820456742,0.12509715042420394,62,62,27249.0,All_POIs,lcus,63.0
calendar,-0.01173413383605563,0.07165664533134967,-0.15218115868550097,0.12871289101338973,63,63,27505.0,All_POIs,lcus,64.0
calendar,-0.0056439493479612775,0.07198335455212128,-0.14673132427011898,0.13544342557419642,64,64,27763.0,All_POIs,lcus,65.0
calendar,-0.01561691432774214,0.07301031223569175,-0.15871712630969798,0.12748329765421368,65,65,28126.0,All_POIs,lcus,66.0
calendar,-0.0405490973136708,0.0771920768515663,-0.19184556794274074,0.11074737331539916,66,66,28339.0,All_POIs,lcus,67.0
calendar,-0.04961408986847542,0.07698108974566376,-0.20049702576997636,0.10126884603302554,67,67,28654.0,All_POIs,lcus,68.0
calendar,-0.060633402251925754,0.07905691124043998,-0.2155849482831881,0.09431814377933659,68,68,28904.0,All_POIs,lcus,69.0
calendar,-0.06864091237203233,0.0956638250916708,-0.25614200955170713,0.11886018480764245,69,69,29021.0,All_POIs,lcus,70.0
calendar,-0.031190272388841877,0.09440771311143005,-0.21622939008724476,0.15384884530956103,70,70,29254.0,All_POIs,lcus,71.0
calendar,-0.06295576907600225,0.09354167266669874,-0.2462974475027318,0.1203859093507273,70,70,29254.0,All_POIs,lcus,72.0
simple,0.029785556045102073,0.08766275370136305,-0.14203344120956948,0.20160455329977364,2555,2555,1216644.0,All_POIs,lspend,
dynamic,-0.062202942282072016,0.09079657377600563,-0.24016422688304304,0.115758342318899,1,1,233.0,All_POIs,lspend,-69.0
dynamic,0.0516597859038965,0.12669232300844777,-0.19665716719266113,0.29997673900045413,2,2,350.0,All_POIs,lspend,-68.0
dynamic,0.01652493047646149,0.18447547029948802,-0.345046991310535,0.37809685226345796,3,3,600.0,All_POIs,lspend,-67.0
dynamic,0.03871183681737637,0.17686605309434553,-0.3079456272475408,0.3853693008822936,4,4,915.0,All_POIs,lspend,-66.0
dynamic,-0.09197312857811508,0.15899418742441787,-0.4036017359299741,0.21965547877374397,5,5,1128.0,All_POIs,lspend,-65.0
dynamic,-0.0011161833339752613,0.17121603922033127,-0.33669962020582456,0.334467253537874,6,6,1491.0,All_POIs,lspend,-64.0
dynamic,-0.10180336332930971,0.18805418782193734,-0.4703895714603069,0.26678284480168746,7,7,1749.0,All_POIs,lspend,-63.0
dynamic,0.14815501020602892,0.1549631605466459,-0.15557278446539705,0.4518828048774549,8,8,2005.0,All_POIs,lspend,-62.0
dynamic,-0.13967808081261887,0.19066660298831625,-0.5133846226697187,0.23402846104448097,9,9,2274.0,All_POIs,lspend,-61.0
dynamic,-0.1151582937132092,0.22648645987876118,-0.5590717550755812,0.32875516764916274,10,10,2528.0,All_POIs,lspend,-60.0
dynamic,0.0692039532885072,0.19710457525989053,-0.31712101422087824,0.45552892079789264,11,11,2896.0,All_POIs,lspend,-59.0
dynamic,-0.01982399872383045,0.218688934631742,-0.44845431060204477,0.40880631315438387,12,12,3099.0,All_POIs,lspend,-58.0
dynamic,-0.030315435818278495,0.21448222808958275,-0.4507006028738607,0.3900697312373037,13,13,3561.0,All_POIs,lspend,-57.0
dynamic,0.026346316950096337,0.2027741386674095,-0.3710909948380263,0.42378362873821895,14,14,3892.0,All_POIs,lspend,-56.0
dynamic,0.0947424860974412,0.23204143503898172,-0.360058726578963,0.5495436987738453,15,15,4183.0,All_POIs,lspend,-55.0
dynamic,-0.04089934897149958,0.22381859043109004,-0.47958378621643605,0.39778508827343684,16,16,4377.0,All_POIs,lspend,-54.0
dynamic,-0.06970352630726681,0.21601368504791257,-0.49309034900117543,0.35368329638664187,17,17,4680.0,All_POIs,lspend,-53.0
dynamic,-0.08331352634448498,0.18703648720118718,-0.4499050412588118,0.2832779885698419,18,18,5028.0,All_POIs,lspend,-52.0
dynamic,0.06303209946086086,0.1740020202096049,-0.2780118601499647,0.4040760590716864,19,19,5349.0,All_POIs,lspend,-51.0
dynamic,0.060211801326381806,0.15806024370981986,-0.24958627634486508,0.3700098789976287,20,20,5676.0,All_POIs,lspend,-50.0
dynamic,0.0963578242024543,0.1767436260281952,-0.25005968281280827,0.4427753312177169,21,21,6242.0,All_POIs,lspend,-49.0
dynamic,-0.08503134315847438,0.16355502394604363,-0.4055991900927199,0.23553650377577112,22,22,6612.0,All_POIs,lspend,-48.0
dynamic,0.028897022983283716,0.16712502600847354,-0.2986680279933244,0.3564620739598919,23,23,7027.0,All_POIs,lspend,-47.0
dynamic,0.024688060147975952,0.19506350624413743,-0.3576364120905334,0.4070125323864853,24,24,7300.0,All_POIs,lspend,-46.0
dynamic,0.019697247433672013,0.17957032739104456,-0.3322605942527753,0.37165508912011935,25,25,7664.0,All_POIs,lspend,-45.0
dynamic,-0.012087487898670734,0.1472751120746122,-0.3007467075649106,0.2765717317675691,26,26,7885.0,All_POIs,lspend,-44.0
dynamic,0.007942406756720933,0.1462666493906183,-0.2787402260488909,0.29462503956233277,27,27,8330.0,All_POIs,lspend,-43.0
dynamic,-0.002428170248380063,0.14688568393907236,-0.29032411076896186,0.28546777027220177,28,28,8650.0,All_POIs,lspend,-42.0
dynamic,0.0042985003841106454,0.1405131532856679,-0.2711072800557984,0.27970428082401977,29,29,8858.0,All_POIs,lspend,-41.0
dynamic,-0.030895117935486754,0.13653753865730328,-0.2985086937038012,0.23671845783282766,30,30,9149.0,All_POIs,lspend,-40.0
dynamic,0.019145642567536078,0.12106248133214158,-0.21813682084346142,0.25642810597853355,31,31,10057.0,All_POIs,lspend,-39.0
dynamic,-0.0022652254274635616,0.13622978077044157,-0.269275595737529,0.2647451448826019,32,32,10406.0,All_POIs,lspend,-38.0
dynamic,-0.006297745699820085,0.15323102690943363,-0.30663055844231,0.2940350670426698,33,33,10610.0,All_POIs,lspend,-37.0
dynamic,-0.002803677214694053,0.14689514549517424,-0.29071816238523557,0.2851108079558475,34,34,11068.0,All_POIs,lspend,-36.0
dynamic,-0.010386044474727374,0.13174783185515437,-0.2686117949108299,0.2478397059613752,35,35,11344.0,All_POIs,lspend,-35.0
dynamic,0.005265345144474119,0.11614607091281705,-0.2223809538446473,0.23291164413359555,36,36,11610.0,All_POIs,lspend,-34.0
dynamic,-0.046279354114284764,0.11041129075034445,-0.2626854839849599,0.17012677575639035,37,37,11937.0,All_POIs,lspend,-33.0
dynamic,0.0037591329708543254,0.11841904303278362,-0.2283421913734016,0.2358604573151102,38,38,12186.0,All_POIs,lspend,-32.0
dynamic,0.020403694149204323,0.1021171500687554,-0.17974591998555625,0.22055330828396488,39,39,12723.0,All_POIs,lspend,-31.0
dynamic,0.00645482424115039,0.1016578244581176,-0.19279451169676007,0.20570416017906087,40,40,13333.0,All_POIs,lspend,-30.0
dynamic,-0.009510069627015876,0.11186088045493751,-0.22875739531869338,0.20973725606466165,41,41,13781.0,All_POIs,lspend,-29.0
dynamic,0.022229252895969342,0.11253163207668784,-0.19833274597433884,0.2427912517662775,42,42,14181.0,All_POIs,lspend,-28.0
dynamic,-0.015017962434336169,0.108158369091536,-0.22700836585374673,0.19697244098507438,43,43,14814.0,All_POIs,lspend,-27.0
dynamic,-0.005391047561958873,0.11405201684208736,-0.2289330005724501,0.21815090544853236,44,44,15880.0,All_POIs,lspend,-26.0
dynamic,-0.013976918845872653,0.0860602316673812,-0.1826549729139398,0.1547011352221945,45,45,16294.0,All_POIs,lspend,-25.0
dynamic,0.0020265985836375364,0.09779493215490612,-0.18965146843997843,0.19370466560725352,46,46,16671.0,All_POIs,lspend,-24.0
dynamic,-0.014494009134275775,0.0955089303637896,-0.2016915126473034,0.17270349437875182,47,47,17042.0,All_POIs,lspend,-23.0
dynamic,-0.008824866013204959,0.09152614269061692,-0.1882161056868141,0.1705663736604042,48,48,17249.0,All_POIs,lspend,-22.0
dynamic,0.012611313988369172,0.08805205512257647,-0.1599707140518807,0.18519334202861906,49,49,17602.0,All_POIs,lspend,-21.0
dynamic,-0.030624467627926012,0.09606370789115783,-0.21890933509459534,0.15766039983874333,50,50,18066.0,All_POIs,lspend,-20.0
dynamic,0.02536570400386966,0.0943039443919317,-0.15947002700431645,0.2102014350120558,51,51,18824.0,All_POIs,lspend,-19.0
dynamic,0.016109052209107542,0.09078837768200704,-0.16183616804762624,0.19405427246584134,52,52,19153.0,All_POIs,lspend,-18.0
dynamic,-0.023386078182335422,0.08528572883285208,-0.19054610669472552,0.14377395033005466,53,53,19534.0,All_POIs,lspend,-17.0
dynamic,0.010774059596691716,0.0894643392834433,-0.16457604539885715,0.1861241645922406,54,54,19913.0,All_POIs,lspend,-16.0
dynamic,0.007531065269781862,0.08583561949089258,-0.16070674893236758,0.17576887947193132,55,55,20585.0,All_POIs,lspend,-15.0
dynamic,-0.007688870606772116,0.08488016162130074,-0.17405398738452157,0.15867624617097734,56,56,21321.0,All_POIs,lspend,-14.0
dynamic,-0.0031917032873876824,0.08316597688515842,-0.1661970179822982,0.15981361140752282,57,57,21904.0,All_POIs,lspend,-13.0
dynamic,-0.014226672442857566,0.08892964298931129,-0.1885287727019077,0.16007542781619255,58,58,22297.0,All_POIs,lspend,-12.0
dynamic,0.017304969477520013,0.08384490166566137,-0.1470310377871763,0.1816409767422163,59,59,22928.0,All_POIs,lspend,-11.0
dynamic,-0.02167068339623155,0.07940234362684251,-0.17729927690484285,0.13395791011237976,60,60,23581.0,All_POIs,lspend,-10.0
dynamic,-0.008221329868910452,0.07737919347725976,-0.15988454908433958,0.1434418893465187,61,61,24395.0,All_POIs,lspend,-9.0
dynamic,-0.006801675125372416,0.07301713188246668,-0.1499152536150071,0.13631190336426227,62,62,24895.0,All_POIs,lspend,-8.0
dynamic,0.013882025002250338,0.06791396305710647,-0.11922934258967835,0.146993392594179,63,63,25870.0,All_POIs,lspend,-7.0
dynamic,-0.003697575944723696,0.07217999097980282,-0.14517035826513722,0.13777520637568982,64,64,26477.0,All_POIs,lspend,-6.0
dynamic,0.013870019473189697,0.06239303504849669,-0.10842032922186381,0.1361603681682432,65,65,27018.0,All_POIs,lspend,-5.0
dynamic,-0.02618161784079258,0.06379178972118422,-0.15121352569431368,0.0988502900127285,66,66,27199.0,All_POIs,lspend,-4.0
dynamic,0.005231236735677105,0.06613258424188856,-0.12438862837842446,0.13485110184977867,67,67,27538.0,All_POIs,lspend,-3.0
dynamic,-0.003916613862239385,0.06131327315504368,-0.124090629246125,0.11625740152164622,68,68,27978.0,All_POIs,lspend,-2.0
dynamic,0.004087078564740136,0.05978115075243037,-0.11308397691002339,0.12125813403950367,69,69,28395.0,All_POIs,lspend,-1.0
dynamic,0.002121713138331923,0.05621334644588636,-0.10805644589560534,0.1122998721722692,70,70,29254.0,All_POIs,lspend,0.0
dynamic,0.011010991578871056,0.06011718748696807,-0.10681869589558636,0.12884067905332847,70,70,29254.0,All_POIs,lspend,1.0
dynamic,0.030989645997094833,0.06312786062523634,-0.0927409608283684,0.15472025282255808,69,69,29021.0,All_POIs,lspend,2.0
dynamic,0.022958235029233998,0.0652230860750146,-0.10487901367779462,0.15079548373626261,68,68,28904.0,All_POIs,lspend,3.0
dynamic,0.02478075298481055,0.06694792282390818,-0.10643717575004949,0.1559986817196706,67,67,28654.0,All_POIs,lspend,4.0
dynamic,0.034068820590404184,0.06859782533391802,-0.10038291706407514,0.1685205582448835,66,66,28339.0,All_POIs,lspend,5.0
dynamic,0.04723124665906512,0.0691924969592981,-0.08838604738115918,0.1828485406992894,65,65,28126.0,All_POIs,lspend,6.0
dynamic,0.036924700108183474,0.07086478694116857,-0.10197028229650693,0.17581968251287386,64,64,27763.0,All_POIs,lspend,7.0
dynamic,0.05263443192726524,0.0720470347716458,-0.08857775622516051,0.193846620079691,63,63,27505.0,All_POIs,lspend,8.0
dynamic,0.04502988561390772,0.07406246885716136,-0.10013255334612856,0.190192324573944,62,62,27249.0,All_POIs,lspend,9.0
dynamic,0.0594208858368127,0.07545321786134841,-0.08846742117143017,0.20730919284505558,61,61,26980.0,All_POIs,lspend,10.0
dynamic,0.055876005675430676,0.07603686557482875,-0.09315625085123368,0.20490826220209502,60,60,26726.0,All_POIs,lspend,11.0
dynamic,0.061031205830647424,0.07749880967358204,-0.09086646112957339,0.21292887279086822,59,59,26358.0,All_POIs,lspend,12.0
dynamic,0.05492104595634837,0.07688277043777178,-0.09576918410168433,0.20561127601438106,58,58,26155.0,All_POIs,lspend,13.0
dynamic,0.0568886942384567,0.07838304720041223,-0.09674207827435126,0.21051946675126465,57,57,25693.0,All_POIs,lspend,14.0
dynamic,0.04236675968846552,0.07921388174055645,-0.11289244852302513,0.19762596789995615,56,56,25362.0,All_POIs,lspend,15.0
dynamic,0.02718202984810505,0.08065208198623244,-0.13089605084491054,0.18526011054112065,55,55,25071.0,All_POIs,lspend,16.0
dynamic,0.04634162154179264,0.08180940482305947,-0.11400481191140391,0.20668805499498918,54,54,24877.0,All_POIs,lspend,17.0
dynamic,0.04305601080387771,0.08064301488511327,-0.11500429837094428,0.20111631997869972,53,53,24574.0,All_POIs,lspend,18.0
dynamic,0.030908795962239284,0.08147869579949614,-0.12878944780477317,0.19060703972925172,52,52,24226.0,All_POIs,lspend,19.0
dynamic,0.03323539467904963,0.08184441711288089,-0.12717966286219692,0.19365045222029617,51,51,23905.0,All_POIs,lspend,20.0
dynamic,0.03377957825002862,0.08166502699452496,-0.12628387465924032,0.19384303115929755,50,50,23578.0,All_POIs,lspend,21.0
dynamic,0.02850845993069781,0.08281175356041018,-0.13380257704770612,0.19081949690910174,49,49,23012.0,All_POIs,lspend,22.0
dynamic,0.03275730272876257,0.0824467416261897,-0.12883831085856925,0.1943529163160944,48,48,22642.0,All_POIs,lspend,23.0
dynamic,0.042386587423106276,0.08354145729910534,-0.12135466888314017,0.20612784372935272,47,47,22227.0,All_POIs,lspend,24.0
dynamic,0.029029094934457392,0.08515993538537864,-0.13788437842088475,0.1959425682897995,46,46,21954.0,All_POIs,lspend,25.0
dynamic,0.03439784327699066,0.0866323311800334,-0.13540152583587478,0.2041972123898561,45,45,21590.0,All_POIs,lspend,26.0
dynamic,0.02324329609134215,0.086492650143236,-0.1462822981894004,0.1927688903720847,44,44,21369.0,All_POIs,lspend,27.0
dynamic,0.01957685419752429,0.08765502431372789,-0.1522269934573824,0.19138070185243095,43,43,20924.0,All_POIs,lspend,28.0
dynamic,0.018839145833424612,0.08805500580151812,-0.1537486655375509,0.19142695720440012,42,42,20604.0,All_POIs,lspend,29.0
dynamic,0.013300979107424159,0.0889814812448044,-0.16110272413239246,0.1877046823472408,41,41,20396.0,All_POIs,lspend,30.0
dynamic,0.02168224943644435,0.08870099140280512,-0.1521716937130537,0.19553619258594238,40,40,20105.0,All_POIs,lspend,31.0
dynamic,0.022001717159158225,0.09119366493825184,-0.15673786611981538,0.20074130043813182,39,39,19197.0,All_POIs,lspend,32.0
dynamic,0.013704634505274184,0.09154787565399278,-0.16572920177655168,0.19313847078710003,38,38,18848.0,All_POIs,lspend,33.0
dynamic,0.008175622029609458,0.09176431194476045,-0.17168242938212103,0.18803367344133992,37,37,18644.0,All_POIs,lspend,34.0
dynamic,0.018763533176836024,0.09296660496065025,-0.16345101254603847,0.2009780788997105,36,36,18186.0,All_POIs,lspend,35.0
dynamic,0.006767530083387411,0.09384045790542096,-0.17715976741123768,0.19069482757801248,35,35,17910.0,All_POIs,lspend,36.0
dynamic,0.006448069429253669,0.0934579926582993,-0.17672959618101294,0.18962573503952027,34,34,17644.0,All_POIs,lspend,37.0
dynamic,0.005356719112892502,0.09399177204306919,-0.1788671540915231,0.18958059231730812,33,33,17317.0,All_POIs,lspend,38.0
dynamic,-0.024861098410132215,0.09460709528228053,-0.21029100516340204,0.16056880834313764,32,32,17068.0,All_POIs,lspend,39.0
dynamic,-0.005727997755316989,0.09598735779754826,-0.19386321903851156,0.18240722352787758,31,31,16531.0,All_POIs,lspend,40.0
dynamic,-0.013615489706165938,0.09701765221852994,-0.20377008805448463,0.17653910864215275,30,30,15921.0,All_POIs,lspend,41.0
dynamic,-0.022169716513194947,0.09849395278933336,-0.2152178639802883,0.17087843095389843,29,29,15473.0,All_POIs,lspend,42.0
dynamic,-0.004962996650986419,0.09910898179940016,-0.19921660097781074,0.18929060767583789,28,28,15073.0,All_POIs,lspend,43.0
dynamic,0.013768048423855655,0.09995396328972375,-0.1821417196240029,0.2096778164717142,27,27,14440.0,All_POIs,lspend,44.0
dynamic,0.006799485442313927,0.102949291104108,-0.19498112512173774,0.2085800960063656,26,26,13374.0,All_POIs,lspend,45.0
dynamic,0.01511224467181309,0.10308942750485355,-0.18694303323769984,0.21716752258132604,25,25,12960.0,All_POIs,lspend,46.0
dynamic,0.019337919544553123,0.10422436545285071,-0.18494183674303427,0.22361767583214054,24,24,12583.0,All_POIs,lspend,47.0
dynamic,0.019348558433461543,0.10565203795468217,-0.18772943595771552,0.22642655282463858,23,23,12212.0,All_POIs,lspend,48.0
dynamic,0.005702804781964699,0.10595885752518668,-0.2019765559674012,0.21338216553133058,22,22,12005.0,All_POIs,lspend,49.0
dynamic,0.032826043595085154,0.10722499418876505,-0.17733494501489436,0.24298703220506465,21,21,11652.0,All_POIs,lspend,50.0
dynamic,0.018651997513514214,0.10940635162983742,-0.19578445168096711,0.23308844670799553,20,20,11188.0,All_POIs,lspend,51.0
dynamic,0.00825640127963899,0.11263453827371392,-0.21250729373684027,0.22902009629611828,19,19,10430.0,All_POIs,lspend,52.0
dynamic,0.004925603784914459,0.11275486153402875,-0.21607392482178187,0.2259251323916108,18,18,10101.0,All_POIs,lspend,53.0
dynamic,0.03184729399397414,0.11480499295128205,-0.19317049219053867,0.25686508017848697,17,17,9720.0,All_POIs,lspend,54.0
dynamic,0.024349300944162655,0.1150387813066506,-0.20112671041687252,0.24982531230519783,16,16,9341.0,All_POIs,lspend,55.0
dynamic,0.04614753397243272,0.11817715657470619,-0.1854796929139914,0.27777476085885683,15,15,8669.0,All_POIs,lspend,56.0
dynamic,0.05989884624541729,0.12155050410865732,-0.17834014180755103,0.29813783429838564,14,14,7933.0,All_POIs,lspend,57.0
dynamic,0.08095047742388994,0.1247137904867055,-0.16348855193005282,0.32538950677783274,13,13,7350.0,All_POIs,lspend,58.0
dynamic,0.10553659023669022,0.12903270374512957,-0.14736750910376373,0.35844068957714414,12,12,6957.0,All_POIs,lspend,59.0
dynamic,0.1448256149968155,0.12644612788781437,-0.10300879566330065,0.3926600256569317,11,11,6326.0,All_POIs,lspend,60.0
dynamic,0.14378907554596215,0.12974214711944673,-0.11050553280815345,0.39808368390007776,10,10,5673.0,All_POIs,lspend,61.0
dynamic,0.12089825998272093,0.1322362583685623,-0.13828480641966118,0.380081326385103,9,9,4859.0,All_POIs,lspend,62.0
dynamic,0.11955902680167184,0.13127263155476512,-0.13773533104566776,0.37685338464901147,8,8,4359.0,All_POIs,lspend,63.0
dynamic,0.09428317838258177,0.14199582120547743,-0.184028631180154,0.37259498794531754,7,7,3384.0,All_POIs,lspend,64.0
dynamic,0.035917171650247715,0.14617171025228642,-0.25057938044423367,0.3224137237447291,6,6,2777.0,All_POIs,lspend,65.0
dynamic,0.029836517393267932,0.1591305156905646,-0.2820592933602387,0.34173232814677457,5,5,2236.0,All_POIs,lspend,66.0
dynamic,-0.01265440456927654,0.15684786065978265,-0.3200762114624505,0.2947674023238975,4,4,2055.0,All_POIs,lspend,67.0
dynamic,0.034832359801089695,0.1469780630176394,-0.25324464371348354,0.3229093633156629,3,3,1716.0,All_POIs,lspend,68.0
dynamic,-0.12265524936549126,0.13370123741057066,-0.3847096746902098,0.13939917595922724,2,2,1276.0,All_POIs,lspend,69.0
dynamic,-0.11383590430602553,0.10583836297221241,-0.3212790957315619,0.0936072871195108,1,1,859.0,All_POIs,lspend,70.0
group,-0.002368212035327203,0.08152172129381444,-0.16215078577120348,0.1574143617005491,71,71,60989.0,All_POIs,lspend,2.0
group,0.0533594508269889,0.11935141507678355,-0.18056932272350687,0.2872882243774847,70,70,29190.0,All_POIs,lspend,3.0
group,0.28093517272938,0.13797108606696187,0.010511844038134766,0.5513585014206253,69,69,30360.0,All_POIs,lspend,4.0
group,0.33705230341627684,0.13574399591954167,0.07099407141397518,0.6031105354185785,68,68,23052.0,All_POIs,lspend,5.0
group,0.32825468180071443,0.17022522400781007,-0.005386757254593311,0.6618961208560221,67,67,12127.0,All_POIs,lspend,6.0
group,0.22110844958471548,0.10647442977859804,0.012418567218663329,0.42979833195076766,66,66,35706.0,All_POIs,lspend,7.0
group,0.21410972964503297,0.1066241510165043,0.005126393652684552,0.42309306563738136,65,65,39455.0,All_POIs,lspend,8.0
group,-0.10292002107225737,0.07759941426952131,-0.2550148730405192,0.04917483089600441,64,64,62400.0,All_POIs,lspend,9.0
group,0.16758796808347926,0.12087821363962072,-0.06933333065017735,0.40450926681713584,63,63,31500.0,All_POIs,lspend,10.0
group,0.2855604331381287,0.0882313459483053,0.11262699507945029,0.45849387119680707,62,62,50468.0,All_POIs,lspend,11.0
group,0.0693476255772344,0.09340591092838083,-0.113727959842392,0.2524232109968608,61,61,39833.0,All_POIs,lspend,12.0
group,-0.31053364639344233,0.173612787656353,-0.6508147101998942,0.029747417413009514,60,60,37860.0,All_POIs,lspend,13.0
group,0.039557266394721326,0.06970512643651197,-0.09706478142084216,0.1761793142102848,59,59,23187.0,All_POIs,lspend,14.0
group,-0.04050437003140917,0.05800738441243926,-0.15419884347979013,0.07319010341697177,58,58,33814.0,All_POIs,lspend,15.0
group,-0.11148712503378509,0.05040878549732934,-0.21028834460855061,-0.012685905459019584,57,57,41952.0,All_POIs,lspend,16.0
group,0.01326048077512863,0.05531740078897736,-0.09516162477126698,0.12168258632152425,56,56,37632.0,All_POIs,lspend,17.0
group,-0.01382812876429375,0.07234673376222943,-0.15562772693826343,0.1279714694096759,55,55,20845.0,All_POIs,lspend,18.0
group,-0.13921930627628856,0.07035712718729255,-0.27711927556338195,-0.0013193369891951745,54,54,20574.0,All_POIs,lspend,19.0
group,-0.07182222964000635,0.0856027785352742,-0.2396036755691438,0.09595921628913108,53,53,17437.0,All_POIs,lspend,20.0
group,0.034173925126488446,0.05401661768916328,-0.07169864554427158,0.14004649579724845,52,52,39416.0,All_POIs,lspend,21.0
group,-0.02322872202501772,0.05808208214339925,-0.13706960302608026,0.09061215897604481,51,51,23664.0,All_POIs,lspend,22.0
group,-0.0657647613301985,0.07664813973628114,-0.21599511521330955,0.08446559255291254,50,50,17650.0,All_POIs,lspend,23.0
group,-0.12424852053453378,0.10996165902465352,-0.33977337222285464,0.09127633115378711,49,49,10143.0,All_POIs,lspend,24.0
group,0.09860878433328743,0.07597098616690882,-0.05029434855385387,0.24751191722042873,48,48,17808.0,All_POIs,lspend,25.0
group,0.0003148404726119716,0.07822314040217211,-0.15300251471564538,0.1536321956608693,47,47,17719.0,All_POIs,lspend,26.0
group,-0.030767012976449782,0.07150321102333274,-0.17091330658218196,0.10937928062928239,46,46,19044.0,All_POIs,lspend,27.0
group,0.007314808101447964,0.046015980181825296,-0.08287651305492962,0.09750612925782555,45,45,47970.0,All_POIs,lspend,28.0
group,-0.07325044601349644,0.05930624982872098,-0.18949069567778953,0.042989803650796674,44,44,27852.0,All_POIs,lspend,29.0
group,0.006496572439189892,0.07771685861696838,-0.14582847045006814,0.1588216153284479,43,43,17200.0,All_POIs,lspend,30.0
group,0.013937541320926637,0.06760356649922808,-0.11856544901756039,0.14644053165941368,42,42,18816.0,All_POIs,lspend,31.0
group,-0.010121213216850807,0.0655631940017241,-0.13862507346023004,0.11838264702652843,41,41,25010.0,All_POIs,lspend,32.0
group,0.005061964473714214,0.06525314034594179,-0.1228341906043317,0.13295811955176012,40,40,21480.0,All_POIs,lspend,33.0
group,-0.018732519894969622,0.08776488171597265,-0.190751688058276,0.15328664826833674,39,39,9711.0,All_POIs,lspend,34.0
group,0.07842504862209193,0.07469740948540894,-0.0679818739693096,0.22483197121349346,38,38,12426.0,All_POIs,lspend,35.0
group,0.139989074794021,0.0882243445275712,-0.032930640480018564,0.3129087900680606,37,37,9842.0,All_POIs,lspend,36.0
group,0.030789443683640942,0.08346920790074884,-0.1328102038018268,0.19438909116910869,36,36,9936.0,All_POIs,lspend,37.0
group,0.047432062050841634,0.061410446669822386,-0.07293241342201023,0.1677965375236935,35,35,16030.0,All_POIs,lspend,38.0
group,-0.1417105680117009,0.09178082790680644,-0.3216009907090415,0.038179854685639725,34,34,6936.0,All_POIs,lspend,39.0
group,-0.057607976358696154,0.07389488062408936,-0.2024419423819113,0.08722598966451897,33,33,11517.0,All_POIs,lspend,40.0
group,-0.004204620912368248,0.04855033272791566,-0.09936327305908293,0.09095403123434645,32,32,29056.0,All_POIs,lspend,41.0
group,0.027380870983990467,0.08264127463678554,-0.1345960273041092,0.18935776927209014,31,31,9021.0,All_POIs,lspend,42.0
group,0.017508660138101408,0.08379796098603332,-0.1467353433945239,0.1817526636707267,30,30,6240.0,All_POIs,lspend,43.0
group,-0.07732002442508075,0.07250844049550291,-0.21943656779626647,0.06479651894610496,29,29,9280.0,All_POIs,lspend,44.0
group,-0.029631547486704924,0.0672725249651512,-0.16148569641840127,0.10222260144499141,28,28,12460.0,All_POIs,lspend,45.0
group,0.09925875657441001,0.09155814703290632,-0.08019521161008637,0.2787127247589064,27,27,5967.0,All_POIs,lspend,46.0
group,-0.12233473721008993,0.06401174099733872,-0.24779774956487383,0.003128275144693951,26,26,9464.0,All_POIs,lspend,47.0
group,-0.025923238603562382,0.084303875843957,-0.1911588352577181,0.13931235805059333,25,25,6825.0,All_POIs,lspend,48.0
group,0.06608211239250664,0.06558170173629325,-0.06245802301062814,0.1946222477956414,24,24,9960.0,All_POIs,lspend,49.0
group,0.05920207114577491,0.07281235802394512,-0.08351015058115752,0.20191429287270735,23,23,8510.0,All_POIs,lspend,50.0
group,-0.0016052029001234081,0.06336206365338384,-0.12579484766075574,0.12258444186050893,22,22,12452.0,All_POIs,lspend,51.0
group,0.12794379781277082,0.07644462417717017,-0.021887665574482712,0.2777752612000244,21,21,6867.0,All_POIs,lspend,52.0
group,-0.013464071526660352,0.07928340756492033,-0.1688595503539042,0.1419314073005835,20,20,6420.0,All_POIs,lspend,53.0
group,0.15696916318523785,0.08054120287248157,-0.0008915944448260049,0.3148299208153017,19,19,6612.0,All_POIs,lspend,54.0
group,-0.018902519266378873,0.08550833283956154,-0.18649885163191948,0.14869381309916174,18,18,5454.0,All_POIs,lspend,55.0
group,-0.04455358465464097,0.0963909855513035,-0.23347991633519583,0.1443727470259139,17,17,3298.0,All_POIs,lspend,56.0
group,0.0791544022556458,0.08317869259315872,-0.08387583522694528,0.24218463973823687,16,16,4656.0,All_POIs,lspend,57.0
group,-0.02490210664160935,0.08025118536047525,-0.18219442994814083,0.13239021666492212,15,15,4965.0,All_POIs,lspend,58.0
group,0.08965169392519248,0.06454161091155994,-0.03684986346146499,0.21615325131184995,14,14,6468.0,All_POIs,lspend,59.0
group,0.12194868672095302,0.09577784012836743,-0.06577587993064715,0.3096732533725532,13,13,2639.0,All_POIs,lspend,60.0
group,0.05644077591118813,0.06945793024663802,-0.0796967673722224,0.19257831919459864,12,12,4416.0,All_POIs,lspend,61.0
group,0.008161695824972778,0.0870176818458566,-0.16239296059290617,0.17871635224285173,11,11,2794.0,All_POIs,lspend,62.0
group,0.05556064133431652,0.07405167272276673,-0.08958063720230627,0.2007019198709393,10,10,2690.0,All_POIs,lspend,63.0
group,-0.033072403053171544,0.08436199512523994,-0.19842191349864183,0.13227710739229873,9,9,2304.0,All_POIs,lspend,64.0
group,0.1848856036461005,0.09440443155407101,-0.00014708219987868976,0.36991828949207967,8,8,2064.0,All_POIs,lspend,65.0
group,0.03599096091984283,0.08116014384118887,-0.12308292100888735,0.195064842848573,7,7,2541.0,All_POIs,lspend,66.0
group,-0.0503037193270055,0.11183865529353862,-0.26950748370234123,0.1689000450483302,6,6,1278.0,All_POIs,lspend,67.0
group,0.08069543022218985,0.08725908574251758,-0.09033237783314459,0.2517232382775243,5,5,1575.0,All_POIs,lspend,68.0
group,0.09110777680476943,0.1225299195208469,-0.14905086545609048,0.33126641906562937,4,4,1000.0,All_POIs,lspend,69.0
group,0.009793279752552573,0.1567234359604134,-0.2973846547298577,0.31697121423496283,3,3,351.0,All_POIs,lspend,70.0
group,0.07005392072160126,0.07678982692487707,-0.0804541400511578,0.2205619814943603,2,2,466.0,All_POIs,lspend,71.0
calendar,-0.03083002176247618,0.03902003000677484,-0.10730928057575487,0.04564923705080251,1,1,859.0,All_POIs,lspend,2.0
calendar,-0.056045012276159906,0.046717118085752844,-0.14761056372423548,0.035520539171915666,2,2,1276.0,All_POIs,lspend,3.0
calendar,-0.05619545833633697,0.051183157458188515,-0.15651444695438646,0.044123530281712516,3,3,1716.0,All_POIs,lspend,4.0
calendar,-0.029038598292985454,0.05632892014236623,-0.13944328177202325,0.08136608518605234,4,4,2055.0,All_POIs,lspend,5.0
calendar,-0.012456216697804008,0.06160609093464887,-0.1332041549297158,0.10829172153410777,5,5,2236.0,All_POIs,lspend,6.0
calendar,-0.010982546730772834,0.06179023561238171,-0.13209140853104098,0.1101263150694953,6,6,2777.0,All_POIs,lspend,7.0
calendar,-0.00044350109201798916,0.05863513550807869,-0.11536836668785222,0.11448136450381624,7,7,3384.0,All_POIs,lspend,8.0
calendar,-0.01033058134327788,0.055897897348962014,-0.11989046014724343,0.09922929746068766,8,8,4359.0,All_POIs,lspend,9.0
calendar,-0.03524547833090837,0.05624862553280665,-0.1454927843752094,0.07500182771339266,9,9,4859.0,All_POIs,lspend,10.0
calendar,-0.000919413796470381,0.05447667088697113,-0.1076936887349338,0.10585486114199304,10,10,5673.0,All_POIs,lspend,11.0
calendar,0.04928898735818322,0.0572095113392069,-0.06284165486666232,0.16141962958302875,11,11,6326.0,All_POIs,lspend,12.0
calendar,0.1328872977323459,0.10294180041268335,-0.06887863107651346,0.3346532265412052,12,12,6957.0,All_POIs,lspend,13.0
calendar,0.1510186857489454,0.1014865274513344,-0.04789490805567001,0.34993227955356077,13,13,7350.0,All_POIs,lspend,14.0
calendar,0.1644826767760512,0.09746278209916684,-0.02654437613831581,0.35550972969041816,14,14,7933.0,All_POIs,lspend,15.0
calendar,0.1578377101462591,0.09264938510119838,-0.023755084652089725,0.3394305049446079,15,15,8669.0,All_POIs,lspend,16.0
calendar,0.16676765913570007,0.08970076057981988,-0.009045831600746873,0.34258114987214705,16,16,9341.0,All_POIs,lspend,17.0
calendar,0.14161085215909153,0.08864756969178875,-0.03213838443681441,0.31536008875499744,17,17,9720.0,All_POIs,lspend,18.0
calendar,0.1301508284384196,0.08765371051135282,-0.04165044416383193,0.30195210104067116,18,18,10101.0,All_POIs,lspend,19.0
calendar,0.11067074860863141,0.08640063809909106,-0.05867450206558705,0.28001599928284987,19,19,10430.0,All_POIs,lspend,20.0
calendar,0.1036840615864011,0.08481139272149875,-0.06254626814773644,0.2699143913205386,20,20,11188.0,All_POIs,lspend,21.0
calendar,0.11800771095150468,0.08399141130301094,-0.04661545520239675,0.28263087710540613,21,21,11652.0,All_POIs,lspend,22.0
calendar,0.12455337879741277,0.08575716807136877,-0.043530670622470014,0.29263742821729555,22,22,12005.0,All_POIs,lspend,23.0
calendar,0.01925677349195002,0.08585629082265321,-0.14902155652045027,0.1875351035043503,23,23,12212.0,All_POIs,lspend,24.0
calendar,0.062416465903529804,0.08485457559223536,-0.1038985022572515,0.22873143406431112,24,24,12583.0,All_POIs,lspend,25.0
calendar,0.07262757506688207,0.08374274726531146,-0.0915082095731284,0.23676335970689255,25,25,12960.0,All_POIs,lspend,26.0
calendar,0.06757726498109837,0.08410880737285957,-0.09727599746970639,0.23243052743190312,26,26,13374.0,All_POIs,lspend,27.0
calendar,0.063443383487289,0.08287148431785188,-0.09898472577570067,0.22587149275027868,27,27,14440.0,All_POIs,lspend,28.0
calendar,0.04923113413039567,0.0797124624908641,-0.10700529235169795,0.2054675606124893,28,28,15073.0,All_POIs,lspend,29.0
calendar,0.04834042652530508,0.07815619637842106,-0.10484571837640018,0.20152657142701036,29,29,15473.0,All_POIs,lspend,30.0
calendar,0.07743829867788735,0.07723667653584126,-0.07394558733236153,0.22882218468813623,30,30,15921.0,All_POIs,lspend,31.0
calendar,0.038998623863233266,0.07735257027253112,-0.11261241387092771,0.19060966159739426,31,31,16531.0,All_POIs,lspend,32.0
calendar,0.06620315393192137,0.07959659816305019,-0.089806178467657,0.22221248633149976,32,32,17068.0,All_POIs,lspend,33.0
calendar,0.06873651152294848,0.08222559495495355,-0.09242565458876047,0.22989867763465743,33,33,17317.0,All_POIs,lspend,34.0
calendar,0.07609978112269886,0.08535341928621275,-0.09119292067827814,0.24339248292367585,34,34,17644.0,All_POIs,lspend,35.0
calendar,0.030412475963689792,0.08564017364999424,-0.1374422643902989,0.1982672163176785,35,35,17910.0,All_POIs,lspend,36.0
calendar,0.04557832243450943,0.08506176922980731,-0.1211427452559129,0.21229939012493176,36,36,18186.0,All_POIs,lspend,37.0
calendar,0.04182982033871602,0.0840014935687033,-0.12281310705594245,0.20647274773337448,37,37,18644.0,All_POIs,lspend,38.0
calendar,0.03852461660501829,0.083983557231314,-0.12608315556835714,0.20313238877839374,38,38,18848.0,All_POIs,lspend,39.0
calendar,0.05032210531909915,0.08392265345203435,-0.1141662954468882,0.21481050608508648,39,39,19197.0,All_POIs,lspend,40.0
calendar,0.024075434003522595,0.08305846549330782,-0.1387191583633607,0.18687002637040592,40,40,20105.0,All_POIs,lspend,41.0
calendar,0.03596760208406491,0.08283501279436092,-0.1263890229928825,0.1983242271610123,41,41,20396.0,All_POIs,lspend,42.0
calendar,0.029970650018768658,0.08349562302224131,-0.1336807711048243,0.19362207114236163,42,42,20604.0,All_POIs,lspend,43.0
calendar,-0.0012935016793598618,0.08367530391846534,-0.16529709735955192,0.16271009400083222,43,43,20924.0,All_POIs,lspend,44.0
calendar,-0.010502186477605107,0.08421531200882369,-0.17556419801489956,0.15455982505968932,44,44,21369.0,All_POIs,lspend,45.0
calendar,0.010716673291265948,0.08453252620633034,-0.15496707807314153,0.1764004246556734,45,45,21590.0,All_POIs,lspend,46.0
calendar,0.02440771820803226,0.08481459756245191,-0.14182889301437349,0.190644329430438,46,46,21954.0,All_POIs,lspend,47.0
calendar,-0.004607400350686525,0.08503054902780352,-0.17126727644518142,0.16205247574380838,47,47,22227.0,All_POIs,lspend,48.0
calendar,-0.014400729786678498,0.0850512643556676,-0.18110120792378698,0.15229974835042998,48,48,22642.0,All_POIs,lspend,49.0
calendar,0.0073486647109135255,0.08460535627919866,-0.15847783359631584,0.1731751630181429,49,49,23012.0,All_POIs,lspend,50.0
calendar,0.004903204999488864,0.08321778751719851,-0.1582036585342202,0.16801006853319794,50,50,23578.0,All_POIs,lspend,51.0
calendar,0.011544822746431314,0.083183441012235,-0.1514947216375493,0.17458436713041192,51,51,23905.0,All_POIs,lspend,52.0
calendar,0.019947560737378644,0.08356841774508647,-0.14384653804299086,0.18374165951774812,52,52,24226.0,All_POIs,lspend,53.0
calendar,0.03708040819822948,0.08628836507817145,-0.13204478735498656,0.2062056037514455,53,53,24574.0,All_POIs,lspend,54.0
calendar,0.014467837212793669,0.08939027173337505,-0.16073709538462144,0.18967276981020875,54,54,24877.0,All_POIs,lspend,55.0
calendar,0.01021256180664398,0.08982426740773895,-0.16584300231252436,0.18626812592581232,55,55,25071.0,All_POIs,lspend,56.0
calendar,0.01477220891731246,0.08768948690208828,-0.15709918541078055,0.18664360324540546,56,56,25362.0,All_POIs,lspend,57.0
calendar,0.025674092159714883,0.08905812574579842,-0.14887983430205,0.2002280186214798,57,57,25693.0,All_POIs,lspend,58.0
calendar,0.05387597795804176,0.08801993014899148,-0.11864308513398154,0.22639504105006508,58,58,26155.0,All_POIs,lspend,59.0
calendar,-0.0008968916595045811,0.0874723432561673,-0.17234268444159248,0.17054890112258334,59,59,26358.0,All_POIs,lspend,60.0
calendar,0.0043630568769345785,0.08752260593788343,-0.16718125076131693,0.1759073645151861,60,60,26726.0,All_POIs,lspend,61.0
calendar,0.0138434299215055,0.08694429737696173,-0.15656739293733948,0.18425425278035049,61,61,26980.0,All_POIs,lspend,62.0
calendar,0.017158927548038702,0.08645437088359906,-0.15229163938381546,0.18660949447989283,62,62,27249.0,All_POIs,lspend,63.0
calendar,0.01954232010803759,0.08682879654889095,-0.15064212112778866,0.18972676134386382,63,63,27505.0,All_POIs,lspend,64.0
calendar,0.02917882024537667,0.08702401305422412,-0.1413882453409026,0.19974588583165592,64,64,27763.0,All_POIs,lspend,65.0
calendar,0.016243807154029732,0.08795325164418895,-0.1561445660685806,0.18863218037664006,65,65,28126.0,All_POIs,lspend,66.0
calendar,-0.020608591958056734,0.0910067637381659,-0.19898184888486187,0.1577646649687484,66,66,28339.0,All_POIs,lspend,67.0
calendar,-0.029629739989393614,0.09148594746410947,-0.20894219701904818,0.14968271704026095,67,67,28654.0,All_POIs,lspend,68.0
calendar,-0.01660178913283467,0.09359937287074906,-0.2000565599595028,0.16685298169383347,68,68,28904.0,All_POIs,lspend,69.0
calendar,-0.01610124606868334,0.11327118186779486,-0.2381127625295613,0.2059102703921946,69,69,29021.0,All_POIs,lspend,70.0
calendar,0.03157414914454889,0.11534115127256986,-0.194494507349688,0.2576428056387858,70,70,29254.0,All_POIs,lspend,71.0
calendar,-0.01900151059246286,0.1125528537931903,-0.23960510402711585,0.20160208284219014,70,70,29254.0,All_POIs,lspend,72.0
